{
  "results":[
    {
      "adult": false,
      "backdrop_path": "/mnDvPokXpvsdPcWSjNRPhiiLOKu.jpg",
      "genre_ids": [
        18,
        10749,
        10402
      ],
      "id": 332562,
      "original_language": "en",
      "original_title": "A Star Is Born",
      "overview": "Seasoned musician Jackson Maine discovers — and falls in love with — struggling artist Ally. She has just about given up on her dream to make it big as a singer — until Jack coaxes her into the spotlight. But even as Ally's career takes off, the personal side of their relationship is breaking down, as Jack fights an ongoing battle with his own internal demons.",
      "popularity": 32.835,
      "poster_path": "/wrFpXMNBRj2PBiN4Z5kix51XaIZ.jpg",
      "release_date": "2018-10-03",
      "title": "A Star Is Born",
      "video": false,
      "vote_average": 7.5,
      "vote_count": 9171
    },

    {
      "adult": false,
      "backdrop_path": "/8RKBHHRqOMOLh5qW3sS6TSFTd8h.jpg",
      "genre_ids": [
        28,
        878,
        12
      ],
      "id": 399579,
      "original_language": "en",
      "original_title": "Alita: Battle Angel",
      "overview": "When Alita awakens with no memory of who she is in a future world she does not recognize, she is taken in by Ido, a compassionate doctor who realizes that somewhere in this abandoned cyborg shell is the heart and soul of a young woman with an extraordinary past.",
      "popularity": 190.809,
      "poster_path": "/xRWht48C2V8XNfzvPehyClOvDni.jpg",
      "release_date": "2019-01-31",
      "title": "Alita: Battle Angel",
      "video": false,
      "vote_average": 7.2,
      "vote_count": 6356
    },

    {
      "adult": false,
      "backdrop_path": "/9QusGjxcYvfPD1THg6oW3RLeNn7.jpg",
      "genre_ids": [
        28,
        12,
        14
      ],
      "id": 297802,
      "original_language": "en",
      "original_title": "Aquaman",
      "overview": "Once home to the most advanced civilization on Earth, Atlantis is now an underwater kingdom ruled by the power-hungry King Orm. With a vast army at his disposal, Orm plans to conquer the remaining oceanic people and then the surface world. Standing in his way is Arthur Curry, Orm's half-human, half-Atlantean brother and true heir to the throne.",
      "popularity": 117.237,
      "poster_path": "/5Kg76ldv7VxeX9YlcQXiowHgdX6.jpg",
      "release_date": "2018-12-07",
      "title": "Aquaman",
      "video": false,
      "vote_average": 6.9,
      "vote_count": 10144
    },

    {
      "adult": false,
      "backdrop_path": "/jNUpYq2jRSwQM89vST9yQZelMSu.jpg",
      "genre_ids": [
        10402,
        18,
        36
      ],
      "id": 424694,
      "original_language": "en",
      "original_title": "Bohemian Rhapsody",
      "overview": "Singer Freddie Mercury, guitarist Brian May, drummer Roger Taylor and bass guitarist John Deacon take the music world by storm when they form the rock 'n' roll band Queen in 1970. Hit songs become instant classics. When Mercury's increasingly wild lifestyle starts to spiral out of control, Queen soon faces its greatest challenge yet – finding a way to keep the band together amid the success and excess.",
      "popularity": 56.537,
      "poster_path": "/lHu1wtNaczFPGFDTrjCSzeLPTKN.jpg",
      "release_date": "2018-10-24",
      "title": "Bohemian Rhapsody",
      "video": false,
      "vote_average": 8,
      "vote_count": 12956
    },

    {
      "adult": false,
      "backdrop_path": "/aiM3XxYE2JvW1vJ4AC6cI1RjAoT.jpg",
      "genre_ids": [
        28,
        80,
        53
      ],
      "id": 438650,
      "original_language": "en",
      "original_title": "Cold Pursuit",
      "overview": "The quiet family life of Nels Coxman, a snowplow driver, is upended after his son's murder. Nels begins a vengeful hunt for Viking, the drug lord he holds responsible for the killing, eliminating Viking's associates one by one. As Nels draws closer to Viking, his actions bring even more unexpected and violent consequences, as he proves that revenge is all in the execution.",
      "popularity": 89.385,
      "poster_path": "/hXgmWPd1SuujRZ4QnKLzrj79PAw.jpg",
      "release_date": "2019-02-07",
      "title": "Cold Pursuit",
      "video": false,
      "vote_average": 5.6,
      "vote_count": 1742
    },

    {
      "adult": false,
      "backdrop_path": "/kODNw6GJNdgldUMEhKPlCw8wQCr.jpg",
      "genre_ids": [
        18
      ],
      "id": 312221,
      "original_language": "en",
      "original_title": "Creed",
      "overview": "The former World Heavyweight Champion Rocky Balboa serves as a trainer and mentor to Adonis Johnson, the son of his late friend and former rival Apollo Creed.",
      "popularity": 40.409,
      "poster_path": "/iBq4od6j1ZAvDVO7hwmHT2Xf2Bt.jpg",
      "release_date": "2015-11-25",
      "title": "Creed",
      "video": false,
      "vote_average": 7.4,
      "vote_count": 5322
    },

    {
      "adult": false,
      "backdrop_path": "/qrtRKRzoNkf5vemO9tJ2Y4DrHxQ.jpg",
      "genre_ids": [
        12,
        14,
        18
      ],
      "id": 338952,
      "original_language": "en",
      "original_title": "Fantastic Beasts: The Crimes of Grindelwald",
      "overview": "Gellert Grindelwald has escaped imprisonment and has begun gathering followers to his cause—elevating wizards above all non-magical beings. The only one capable of putting a stop to him is the wizard he once called his closest friend, Albus Dumbledore. However, Dumbledore will need to seek help from the wizard who had thwarted Grindelwald once before, his former student Newt Scamander, who agrees to help, unaware of the dangers that lie ahead. Lines are drawn as love and loyalty are tested, even among the truest friends and family, in an increasingly divided wizarding world.",
      "popularity": 76.668,
      "poster_path": "/fMMrl8fD9gRCFJvsx0SuFwkEOop.jpg",
      "release_date": "2018-11-14",
      "title": "Fantastic Beasts: The Crimes of Grindelwald",
      "video": false,
      "vote_average": 6.9,
      "vote_count": 7915
    },

    {
      "adult": false,
      "backdrop_path": "/ngBFDOsx13sFXiMweDoL54XYknR.jpg",
      "genre_ids": [
        53,
        18,
        878
      ],
      "id": 450465,
      "original_language": "en",
      "original_title": "Glass",
      "overview": "In a series of escalating encounters, former security guard David Dunn uses his supernatural abilities to track Kevin Wendell Crumb, a disturbed man who has twenty-four personalities. Meanwhile, the shadowy presence of Elijah Price emerges as an orchestrator who holds secrets critical to both men.",
      "popularity": 104.948,
      "poster_path": "/svIDTNUoajS8dLEo7EosxvyAsgJ.jpg",
      "release_date": "2019-01-16",
      "title": "Glass",
      "video": false,
      "vote_average": 6.7,
      "vote_count": 6044
    },

    {
      "adult": false,
      "backdrop_path": "/kxklJL1v8MYEU5xdU6W5VvmBwVz.jpg",
      "genre_ids": [
        14,
        12,
        16,
        10751
      ],
      "id": 10191,
      "original_language": "en",
      "original_title": "How to Train Your Dragon",
      "overview": "As the son of a Viking leader on the cusp of manhood, shy Hiccup Horrendous Haddock III faces a rite of passage: he must kill a dragon to prove his warrior mettle. But after downing a feared dragon, he realizes that he no longer wants to destroy it, and instead befriends the beast – which he names Toothless – much to the chagrin of his warrior father",
      "popularity": 46.929,
      "poster_path": "/ygGmAO60t8GyqUo9xYeYxSZAR3b.jpg",
      "release_date": "2010-03-10",
      "title": "How to Train Your Dragon",
      "video": false,
      "vote_average": 7.8,
      "vote_count": 9844
    },

    {
      "adult": false,
      "backdrop_path": "/lmZFxXgJE3vgrciwuDib0N8CfQo.jpg",
      "genre_ids": [
        12,
        28,
        878
      ],
      "id": 299536,
      "original_language": "en",
      "original_title": "Avengers: Infinity War",
      "overview": "As the Avengers and their allies have continued to protect the world from threats too large for any one hero to handle, a new danger has emerged from the cosmic shadows: Thanos. A despot of intergalactic infamy, his goal is to collect all six Infinity Stones, artifacts of unimaginable power, and use them to inflict his twisted will on all of reality. Everything the Avengers have fought for has led up to this moment - the fate of Earth and existence itself has never been more uncertain.",
      "popularity": 332.563,
      "poster_path": "/7WsyChQLEftFiDOVTGkv3hFpyyt.jpg",
      "release_date": "2018-04-25",
      "title": "Avengers: Infinity War",
      "video": false,
      "vote_average": 8.3,
      "vote_count": 21242
    },

    {
      "adult": false,
      "backdrop_path": "/iv5N169nQIzrS0pZ8MBEiemTtVt.jpg",
      "genre_ids": [
        18,
        36
      ],
      "id": 457136,
      "original_language": "en",
      "original_title": "Mary Queen of Scots",
      "overview": "In 1561, Mary Stuart, widow of the King of France, returns to Scotland, reclaims her rightful throne and menaces the future of Queen Elizabeth I as ruler of England, because she has a legitimate claim to the English throne. Betrayals, rebellions, conspiracies and their own life choices imperil both Queens. They experience the bitter cost of power, until their tragic fate is finally fulfilled.",
      "popularity": 13.106,
      "poster_path": "/b5RMzLAyq5QW6GtN9sIeAEMLlBI.jpg",
      "release_date": "2018-12-07",
      "title": "Mary Queen of Scots",
      "video": false,
      "vote_average": 6.6,
      "vote_count": 1298
    },

    {
      "adult": false,
      "backdrop_path": "/grtVFGJ4ts0nDAPpc1JWbBoVKTu.jpg",
      "genre_ids": [
        28
      ],
      "id": 450001,
      "original_language": "cn",
      "original_title": "葉問外傳：張天志",
      "overview": "Following his defeat by Master Ip, Cheung Tin Chi tries to make a life with his young son in Hong Kong, waiting tables at a bar that caters to expats. But it's not long before the mix of foreigners, money, and triad leaders draw him once again to the fight.",
      "popularity": 38.492,
      "poster_path": "/6VxEvOF7QDovsG6ro9OVyjH07LF.jpg",
      "release_date": "2018-12-20",
      "title": "Master Z: Ip Man Legacy",
      "video": false,
      "vote_average": 5.8,
      "vote_count": 298
    },

    {
      "adult": false,
      "backdrop_path": "/rm2oMykm5nX6SzXFr7TGHkO6r8Z.jpg",
      "genre_ids": [
        12,
        878
      ],
      "id": 428078,
      "original_language": "en",
      "original_title": "Mortal Engines",
      "overview": "Many thousands of years in the future, Earth’s cities roam the globe on huge wheels, devouring each other in a struggle for ever diminishing resources. On one of these massive traction cities, the old London, Tom Natsworthy has an unexpected encounter with a mysterious young woman from the wastelands who will change the course of his life forever.",
      "popularity": 97.59,
      "poster_path": "/gLhYg9NIvIPKVRTtvzCWnp1qJWG.jpg",
      "release_date": "2018-11-27",
      "title": "Mortal Engines",
      "video": false,
      "vote_average": 6.1,
      "vote_count": 3286
    },

    {
      "adult": false,
      "backdrop_path": "/sHNC8hjAu4ZKXYhG3cp8ghRZ02B.jpg",
      "genre_ids": [
        27,
        10752,
        878
      ],
      "id": 438799,
      "original_language": "en",
      "original_title": "Overlord",
      "overview": "France, June 1944. On the eve of D-Day, some American paratroopers fall behind enemy lines after their aircraft crashes while on a mission to destroy a radio tower in a small village near the beaches of Normandy. After reaching their target, the surviving paratroopers realise that, in addition to fighting the Nazi troops that patrol the village, they also must fight against something else.",
      "popularity": 59.246,
      "poster_path": "/l76Rgp32z2UxjULApxGXAPpYdAP.jpg",
      "release_date": "2018-11-01",
      "title": "Overlord",
      "video": false,
      "vote_average": 6.7,
      "vote_count": 1975
    },

    {
      "adult": false,
      "backdrop_path": "/qDQEQbgP3v7B9IYLAUcYexNrVYP.jpg",
      "genre_ids": [
        10751,
        16,
        35,
        12
      ],
      "id": 404368,
      "original_language": "en",
      "original_title": "Ralph Breaks the Internet",
      "overview": "Video game bad guy Ralph and fellow misfit Vanellope von Schweetz must risk it all by traveling to the World Wide Web in search of a replacement part to save Vanellope's video game, Sugar Rush. In way over their heads, Ralph and Vanellope rely on the citizens of the internet — the netizens — to help navigate their way, including an entrepreneur named Yesss, who is the head algorithm and the heart and soul of trend-making site BuzzzTube.",
      "popularity": 67.734,
      "poster_path": "/dbvAUZWOepRxwUnSOvZAGsrPjta.jpg",
      "release_date": "2018-11-20",
      "title": "Ralph Breaks the Internet",
      "video": false,
      "vote_average": 7.2,
      "vote_count": 5412
    },

    {
      "adult": false,
      "backdrop_path": "/zSJT1sKGRKcmP4I9b8dIOuepw6I.jpg",
      "genre_ids": [
        12,
        28,
        53
      ],
      "id": 375588,
      "original_language": "en",
      "original_title": "Robin Hood",
      "overview": "A war-hardened Crusader and his Moorish commander mount an audacious revolt against the corrupt English crown.",
      "popularity": 95.823,
      "poster_path": "/AiRfixFcfTkNbn2A73qVJPlpkUo.jpg",
      "release_date": "2018-11-21",
      "title": "Robin Hood",
      "video": false,
      "vote_average": 5.9,
      "vote_count": 2203
    },

    {
      "adult": false,
      "backdrop_path": "/ridcUDnFumpMB5AAsIvFafTSx5i.jpg",
      "genre_ids": [
        53,
        9648,
        18
      ],
      "id": 452832,
      "original_language": "en",
      "original_title": "Serenity",
      "overview": "The quiet life of Baker Dill, a fishing boat captain who lives on the isolated Plymouth Island, where he spends his days obsessed with capturing an elusive tuna while fighting his personal demons, is interrupted when someone from his past comes to him searching for help.",
      "popularity": 16.95,
      "poster_path": "/hgWAcic93phg4DOuQ8NrsgQWiqu.jpg",
      "release_date": "2019-01-24",
      "title": "Serenity",
      "video": false,
      "vote_average": 5.4,
      "vote_count": 1112
    },

    {
      "adult": false,
      "backdrop_path": "/7d6EY00g1c39SGZOoCJ5Py9nNth.jpg",
      "genre_ids": [
        28,
        12,
        16,
        878,
        35
      ],
      "id": 324857,
      "original_language": "en",
      "original_title": "Spider-Man: Into the Spider-Verse",
      "overview": "Miles Morales is juggling his life between being a high school student and being a spider-man. When Wilson \"Kingpin\" Fisk uses a super collider, others from across the Spider-Verse are transported to this dimension.",
      "popularity": 86.633,
      "poster_path": "/iiZZdoQBEYBv6id8su7ImL0oCbD.jpg",
      "release_date": "2018-12-06",
      "title": "Spider-Man: Into the Spider-Verse",
      "video": false,
      "vote_average": 8.4,
      "vote_count": 9111
    },

    {
      "adult": false,
      "backdrop_path": "/3QVSM3DYxvov57j25vxDNJGHUpQ.jpg",
      "genre_ids": [
        10752,
        28,
        18,
        36
      ],
      "id": 505954,
      "original_language": "ru",
      "original_title": "T-34",
      "overview": "In 1944, a courageous group of Russian soldiers managed to escape from German captivity in a half-destroyed legendary T-34 tank. Those were the times of unforgettable bravery, fierce fighting, unbreakable love, and legendary miracles.",
      "popularity": 34.369,
      "poster_path": "/jqBIHiSglRfNxjh1zodHLa9E7zW.jpg",
      "release_date": "2018-12-27",
      "title": "T-34",
      "video": false,
      "vote_average": 6.9,
      "vote_count": 529
    }
  ]
}